{"cameraMode":{"drawMode":0,"name":"Shaded","section":"Shading Mode"},"sceneLighting":false,"audioPlay":false,"sceneViewState":{"m_AlwaysRefresh":false,"showFog":true,"showSkybox":true,"showFlares":true,"showImageEffects":true,"showParticleSystems":true,"showVisualEffectGraphs":true,"m_FxEnabled":true},"in2DMode":false,"pivot":{"x":0.610374391078949,"y":0.7378363609313965,"z":0.4936659336090088},"rotation":{"x":-0.03473636507987976,"y":-0.9571150541305542,"z":0.12942609190940858,"w":-0.2568773031234741},"size":1.4686765670776368,"orthographic":false}