{"cameraMode":{"drawMode":0,"name":"Shaded","section":"Shading Mode"},"sceneLighting":false,"audioPlay":false,"sceneViewState":{"m_AlwaysRefresh":false,"showFog":true,"showSkybox":true,"showFlares":true,"showImageEffects":true,"showParticleSystems":true,"showVisualEffectGraphs":true,"m_FxEnabled":true},"in2DMode":false,"pivot":{"x":0.2306986004114151,"y":1.086893081665039,"z":-0.015027076937258244},"rotation":{"x":-0.1257321834564209,"y":-0.06155485287308693,"z":0.007816256955265999,"w":-0.990127444267273},"size":1.5345569849014283,"orthographic":false}