{"cameraMode":{"drawMode":0,"name":"Shaded","section":"Shading Mode"},"sceneLighting":false,"audioPlay":false,"sceneViewState":{"m_AlwaysRefresh":false,"showFog":true,"showSkybox":true,"showFlares":true,"showImageEffects":true,"showParticleSystems":true,"showVisualEffectGraphs":true,"m_FxEnabled":true},"in2DMode":false,"pivot":{"x":2.1923394203186037,"y":0.14931988716125489,"z":-1.7320984601974488},"rotation":{"x":0.001756778103299439,"y":-0.9871039986610413,"z":0.010858600027859211,"w":0.15970151126384736},"size":0.4445531964302063,"orthographic":true}