{"cameraMode":{"drawMode":0,"name":"Shaded","section":"Shading Mode"},"sceneLighting":false,"audioPlay":false,"sceneViewState":{"m_AlwaysRefresh":false,"showFog":true,"showSkybox":true,"showFlares":true,"showImageEffects":true,"showParticleSystems":true,"showVisualEffectGraphs":true,"m_FxEnabled":true},"in2DMode":false,"pivot":{"x":-0.6171409487724304,"y":0.8401437401771545,"z":0.05211322009563446},"rotation":{"x":0.09624237567186356,"y":-0.8192875385284424,"z":0.14427436888217927,"w":0.546534538269043},"size":0.9455923438072205,"orthographic":false}