{"cameraMode":{"drawMode":0,"name":"Shaded","section":"Shading Mode"},"sceneLighting":false,"audioPlay":false,"sceneViewState":{"m_AlwaysRefresh":false,"showFog":true,"showSkybox":true,"showFlares":true,"showImageEffects":true,"showParticleSystems":true,"showVisualEffectGraphs":true,"m_FxEnabled":true},"in2DMode":false,"pivot":{"x":-0.5104321241378784,"y":1.203528881072998,"z":0.3895331919193268},"rotation":{"x":-0.06531111150979996,"y":-0.7569701075553894,"z":0.07656906545162201,"w":-0.6456624865531921},"size":0.23992890119552613,"orthographic":false}