{"cameraMode":{"drawMode":0,"name":"Shaded","section":"Shading Mode"},"sceneLighting":false,"audioPlay":false,"sceneViewState":{"m_AlwaysRefresh":false,"showFog":true,"showSkybox":true,"showFlares":true,"showImageEffects":true,"showParticleSystems":true,"showVisualEffectGraphs":true,"m_FxEnabled":true},"in2DMode":false,"pivot":{"x":-0.7027155756950378,"y":0.7962079644203186,"z":1.4970402717590333},"rotation":{"x":-0.16028369963169099,"y":0.1818833351135254,"z":-0.03006344847381115,"w":-0.9697079658508301},"size":3.162891387939453,"orthographic":false}