{"cameraMode":{"drawMode":0,"name":"Shaded","section":"Shading Mode"},"sceneLighting":false,"audioPlay":false,"sceneViewState":{"m_AlwaysRefresh":false,"showFog":true,"showSkybox":true,"showFlares":true,"showImageEffects":true,"showParticleSystems":true,"showVisualEffectGraphs":true,"m_FxEnabled":true},"in2DMode":false,"pivot":{"x":0.10598576813936234,"y":0.8655214309692383,"z":0.26450109481811526},"rotation":{"x":0.11294640600681305,"y":-0.8869892954826355,"z":0.3225802183151245,"w":0.31056272983551028},"size":2.868687868118286,"orthographic":false}