{"cameraMode":{"drawMode":0,"name":"Shaded","section":"Shading Mode"},"sceneLighting":false,"audioPlay":false,"sceneViewState":{"m_AlwaysRefresh":false,"showFog":true,"showSkybox":false,"showFlares":true,"showImageEffects":true,"showParticleSystems":true,"showVisualEffectGraphs":true,"m_FxEnabled":true},"in2DMode":false,"pivot":{"x":2.384185791015625e-7,"y":0.9501960277557373,"z":0.08990564942359925},"rotation":{"x":-0.043406013399362567,"y":-0.9420161247253418,"z":0.13429763913154603,"w":-0.3044646382331848},"size":1.5781266689300538,"orthographic":false}